cdr3;antigen.epitope;cdr3.len;antigen.epitope.len;cdr3_count
CASLAGQGYNEQF;SAYGEPRKL;13;9;1
CASLGAQNNEQF;AARAVFLAL;12;9;1
CASRLWFWALEAF;SAYGEPRKL;13;9;1
CASSYSTGDEQYF;AARAVFLAL;13;9;1
CASMGLAQETQYF;RAFSPEVIPMF;13;11;1
CASRGGSGELF;RAFSPEVIPMF;11;11;1
CASSGFRDRVNEQYF;RAFSPEVIPMF;15;11;1
CASSQGVTTGGFLNYGYTF;RAFSPEVIPMF;19;11;1
CASTDTGDYGYTF;RAFSPEVIPMF;13;11;1
CASTDTGYYGYTF;RAFSPEVIPMF;13;11;1
CASSDTSGANTGELF;RYPLTFGW;15;8;1
CASSIRDRVPETQYF;RYPLTFGW;15;8;1
CASSLAVRGLSGDPF;RYPLTFGW;15;8;1
CASSLTSGANTGELF;RYPLTFGW;15;8;1
CASSPRDKPNYGYTF;RYPLTFGW;15;8;1
CASSQPTGREQYF;RYPLTFGW;13;8;1
CSARDPIRLISYEQYF;RYPLTFGW;16;8;1
CSARDPVSTYEQYF;RYPLTFGW;14;8;1
CASRMNTEAF;ALTPVVVTL;10;9;1
CASSAQGFGELF;ALTPVVVTL;12;9;1
CASSEGRETQYF;ALTPVVVTL;12;9;1
CASSIGQGPYEQYF;ALTPVVVTL;14;9;1
CASSLGGRRYEQYF;ALTPVVVTL;14;9;1
CASSLGQKEQYF;ALTPVVVTL;12;9;1
CASSQDRWDVMSKNIQYF;VLFGLGFAI;18;9;1
CAISEMLIRGLANYGYPF;VLFGLGFAI;18;9;1
CAISDRFMREEMTYGYPF;VLFGLGFAI;18;9;1
CATSDPLIKGLAEYNEQFF;VLFGLGFAI;19;9;1
CASGTLLIRGKGYERYF;VLFGLGFAI;17;9;1
CASGDGLAGKITGELFF;VLFGLGFAI;17;9;1
CAKKTSLLGPGANYGYTF;VLFGLGFAI;18;9;1
CASRGLIIQRSSYEQYF;VLFGLGFAI;17;9;1
CASSGRFLREGMTYGYTF;VLFGLGFAI;18;9;1
CASSQDRWDVMSQNIQYF;VLFGLGFAI;18;9;1
CASSSFVIAGGDYEQNF;VLFGLGFAI;17;9;1
CASRQDRWEKMGQNIRRF;VLFGLGFAI;18;9;1
CASSPVPGLDEQFF;VLFGLGFAI;14;9;1
CATSDLPYIGTRLNEQFF;VLFGLGFAI;18;9;1
CAASGGSNYKLTF;VLFGLGFAI;13;9;1
CAGLGDSGGSNYKLTF;VLFGLGFAI;16;9;1
CATSRTGGETQYF;FRCPRRFCF;13;9;1
CATSREGGETQYF;FRCPRRFCF;13;9;1
CASSGGLEAFF;FRCPRRFCF;11;9;1
CASSALSDTDTQYF;FRCPRRFCF;14;9;1
CASSEDETGGDWDIQYF;FRCPRRFCF;17;9;1
CASSLDGASGYEQYF;FRCPRRFCF;15;9;1
CASSPPRGDSAQETQYF;FRCPRRFCF;17;9;1
CASTPWGEANEKLFF;FRCPRRFCF;15;9;1
CASSLDSLAGNEQFF;FRCPRRFCF;15;9;1
CASSEQGSEAFF;FRCPRRFCF;12;9;1
CASSFSRSGTEAFF;FRCPRRFCF;14;9;1
CASSLADSSEQYF;FRCPRRFCF;13;9;1
CASSLFSNQPQHF;FRCPRRFCF;13;9;1
CASSLGRGEDEQFF;FRCPRRFCF;14;9;1
CASSLMGALIDTQYF;FRCPRRFCF;15;9;1
CASSLTSGNEQFF;FRCPRRFCF;13;9;1
CASSSDLSSYNEQFF;FRCPRRFCF;15;9;1
CATSAEGGETQYF;FRCPRRFCF;13;9;1
CATSEEGGEKLFF;FRCPRRFCF;13;9;1
CATSGLDSSYYGYTF;FRCPRRFCF;15;9;1
CATSGTAGETQYF;FRCPRRFCF;13;9;1
CATSKSLAGGDTQYF;FRCPRRFCF;15;9;1
CATSMGGQITQYF;FRCPRRFCF;13;9;1
CATSNIAGETQYF;FRCPRRFCF;13;9;1
CATSPGQGPYEQYF;FRCPRRFCF;14;9;1
CATSRAVDNSYEQYF;FRCPRRFCF;15;9;1
CATSRDAGETQYF;FRCPRRFCF;13;9;1
CATSRDGGETQYF;FRCPRRFCF;13;9;1
CATSRDIGQGPLSTDTQYF;FRCPRRFCF;19;9;1
CATSRDLGQGAPSTDTQYF;FRCPRRFCF;19;9;1
CATSRDSGDTGELFF;FRCPRRFCF;15;9;1
CATSREEGQTYEQYF;FRCPRRFCF;15;9;1
CATSREGIGDNTIYF;FRCPRRFCF;15;9;1
CATSRFGGEKLFF;FRCPRRFCF;13;9;1
CATSRGTGQTYEQYF;FRCPRRFCF;15;9;1
CATSRVAGEELFF;FRCPRRFCF;13;9;1
CATSRVAGEEQFF;FRCPRRFCF;13;9;1
CATSRVAGETQYF;FRCPRRFCF;13;9;1
CATSRVAGEVQYF;FRCPRRFCF;13;9;1
CATSSHAGETQYF;FRCPRRFCF;13;9;1
CATSSHVGETQYF;FRCPRRFCF;13;9;1
CATSSSAGEEQFF;FRCPRRFCF;13;9;1
CATSSVAGEEQFF;FRCPRRFCF;13;9;1
CATSVTGGETQYF;FRCPRRFCF;13;9;1
CATTWTAGETQYF;FRCPRRFCF;13;9;1
CASSPTRRVPPLGRQPQHF;FRCPRRFCF;19;9;1
CASSMEGGTEAFF;FRCPRRFCF;13;9;1
CASRETGLNQPQHF;FRCPRRFCF;14;9;1
CASRPGHDSGYYGYTF;FRCPRRFCF;16;9;1
CASSDEGDRGGYEQYF;FRCPRRFCF;16;9;1
CASSIAFDSGHQPQHF;FRCPRRFCF;16;9;1
CASSIEGGAEAFF;FRCPRRFCF;13;9;1
CASSLEGGGEQFF;FRCPRRFCF;13;9;1
CASSTAFDSSNQPQHF;FRCPRRFCF;16;9;1
CASSTEMDSSGQPQHF;FRCPRRFCF;16;9;1
CASSYGLEQFF;FRCPRRFCF;11;9;1
CASSEAWTGKETQYF;FRCPRRFCF;15;9;1
CASSEGVENANYGYTF;FRCPRRFCF;16;9;1
CSAAFEGDYEAFF;FRCPRRFCF;13;9;1
CSAEGLQNTEAFF;FRCPRRFCF;13;9;1
CSAETLQSTVQPQHF;FRCPRRFCF;15;9;1
CSAPTLERNDIQYF;FRCPRRFCF;14;9;1
CSARDLTDAEAFF;FRCPRRFCF;13;9;1
CSARDWGDGGTGELFF;FRCPRRFCF;16;9;1
CSASGDEGAEGGTEAFF;FRCPRRFCF;17;9;1
CSASILTGEDTQYF;FRCPRRFCF;14;9;1
CSASPGLANTDTQYF;FRCPRRFCF;15;9;1
CSATRLEGDEQFF;FRCPRRFCF;13;9;1
CATSDFTGDGGELFF;FRCPRRFCF;15;9;1
CATSDLDRDDTQYF;FRCPRRFCF;14;9;1
CASSDRRGSYNEQFF;FRCPRRFCF;15;9;1
CASSEEQSTDTQYF;FRCPRRFCF;14;9;1
CASSEETRAPVHRYTF;FRCPRRFCF;16;9;1
CASSLSRGGNTIYF;FRCPRRFCF;14;9;1
CASSVDREGETQYF;FRCPRRFCF;14;9;1
CAIDTGNSPLHF;FRCPRRFCF;12;9;1
CASEDTGELFF;FRCPRRFCF;11;9;1
CASIGRENNEQFF;FRCPRRFCF;13;9;1
CASNSADPEAFF;FRCPRRFCF;12;9;1
CASSAGTAYNEQFF;FRCPRRFCF;14;9;1
CASSDSKTYNEQFF;FRCPRRFCF;14;9;1
CASSEITGGGETQYF;FRCPRRFCF;15;9;1
CASSFAGSPHEQFF;FRCPRRFCF;14;9;1
CASSFEAGAGYNEQFF;FRCPRRFCF;16;9;1
CASSFEEGLLLNEKLFF;FRCPRRFCF;17;9;1
CASSFEGLKNTEAFF;FRCPRRFCF;15;9;1
CASSFSDTNSPLHF;FRCPRRFCF;14;9;1
CASSFTGTEQFF;FRCPRRFCF;12;9;1
CASSHMGDSVKNIQYF;FRCPRRFCF;16;9;1
CASSLADIGQPQHF;FRCPRRFCF;14;9;1
CASSLATGTSGEGNEQFF;FRCPRRFCF;18;9;1
CASSLEALGGATDTQYF;FRCPRRFCF;17;9;1
CASSLEALPVDTEAFF;FRCPRRFCF;16;9;1
CASSLEALSSYNEQFF;FRCPRRFCF;16;9;1
CASSLEDLGPLGTDTQYF;FRCPRRFCF;18;9;1
CASSLEEAGKMNTEAFF;FRCPRRFCF;17;9;1
CASSLEEASRMNTEAFF;FRCPRRFCF;17;9;1
CASSLEFLAGVQETQYF;FRCPRRFCF;17;9;1
CASSLEFLGGNADEQYF;FRCPRRFCF;17;9;1
CASSLEFLTDRSYEQYF;FRCPRRFCF;17;9;1
CASSLEFTGTPEEDTQYF;FRCPRRFCF;18;9;1
CASSLEGGGSMNTEAFF;FRCPRRFCF;17;9;1
CASSLEGIGATNEKLFF;FRCPRRFCF;17;9;1
CASSLEGLAGFTDTQYF;FRCPRRFCF;17;9;1
CASSLEGLGGSSWDEQFF;FRCPRRFCF;18;9;1
CASSLEHLPTESYEQYF;FRCPRRFCF;17;9;1
CASSLEIAGGQETQYF;FRCPRRFCF;16;9;1
CASSLEIGLDTDNSPLHF;FRCPRRFCF;18;9;1
CASSLEILGQHSTDTQYF;FRCPRRFCF;18;9;1
CASSLELLGGSSTDTQYF;FRCPRRFCF;18;9;1
CASSLELLGVSTDTQYF;FRCPRRFCF;17;9;1
CASSLELVVSMNTEAFF;FRCPRRFCF;17;9;1
CASSLEPLAGDEQFF;FRCPRRFCF;15;9;1
CASSLEPLGRDVSDTQYF;FRCPRRFCF;18;9;1
CASSLEPLIQVTDTQYF;FRCPRRFCF;17;9;1
CASSLEPVATNEKLFF;FRCPRRFCF;16;9;1
CASSLEPVGATDTQYF;FRCPRRFCF;16;9;1
CASSLEQGAGETQYF;FRCPRRFCF;15;9;1
CASSLEQLSGNTIYF;FRCPRRFCF;15;9;1
CASSLERLAGASTDTQYF;FRCPRRFCF;18;9;1
CASSLERLAGPEPDTQYF;FRCPRRFCF;18;9;1
CASSLERLAGQSADTQYF;FRCPRRFCF;18;9;1
CASSLERLGGTSTDTQYF;FRCPRRFCF;18;9;1
CASSLESLGGSKPYEQYC;FRCPRRFCF;18;9;1
CASSLETGVATEAFF;FRCPRRFCF;15;9;1
CASSLETSGGQETQYF;FRCPRRFCF;16;9;1
CASSLEVAGGLGDEQFF;FRCPRRFCF;17;9;1
CASSLEVGGGLETQYF;FRCPRRFCF;16;9;1
CASSLEWGAGSDGYTF;FRCPRRFCF;16;9;1
CASSLEWLAGGSTDTQYF;FRCPRRFCF;18;9;1
CASSLEWLGLTTDTQYF;FRCPRRFCF;17;9;1
CASSLEWLPGNTIYF;FRCPRRFCF;15;9;1
CASSLEWTGGSSTDTQYF;FRCPRRFCF;18;9;1
CASSLEWVGDNSPLHF;FRCPRRFCF;16;9;1
CASSLEYLDRGYEQYF;FRCPRRFCF;16;9;1
CASSLEYLSGYSYEQYF;FRCPRRFCF;17;9;1
CASSLEYVGGGSNTDTQYF;FRCPRRFCF;19;9;1
CASSLGDTNQPQHF;FRCPRRFCF;14;9;1
CASSLGFSGANVLTF;FRCPRRFCF;15;9;1
CASSLIDGQGNNEQFF;FRCPRRFCF;16;9;1
CASSLLDSEKLFF;FRCPRRFCF;13;9;1
CASSLLPNTGELFF;FRCPRRFCF;14;9;1
CASSLPEGLAHEQYF;FRCPRRFCF;15;9;1
CASSLPEGTDTEAFF;FRCPRRFCF;15;9;1
CASSLPPPGPLGEQYF;FRCPRRFCF;16;9;1
CASSLRLNQPQHF;FRCPRRFCF;13;9;1
CASSLTGDGQETQYF;FRCPRRFCF;15;9;1
CASSLVDSSRQETQYF;FRCPRRFCF;16;9;1
CASSPEAASALADTQYF;FRCPRRFCF;17;9;1
CASSPEQGAGEKLFF;FRCPRRFCF;15;9;1
CASSPLENNEQFF;FRCPRRFCF;13;9;1
CASSPLTSGVSQFF;FRCPRRFCF;14;9;1
CASSPPEGLPYNEQFF;FRCPRRFCF;16;9;1
CASSPPGTGDLETQYF;FRCPRRFCF;16;9;1
CASSSLNSNQPQHF;FRCPRRFCF;14;9;1
CASSTIGQGYGYTF;FRCPRRFCF;14;9;1
CASSTLDSGGDTQYF;FRCPRRFCF;15;9;1
CASTGFGQPQHF;FRCPRRFCF;12;9;1
CASTLESGLQYNTDTQYF;FRCPRRFCF;18;9;1
CASTTPTTGGYEQYF;FRCPRRFCF;15;9;1
CASVREGGLTDTQYF;FRCPRRFCF;15;9;1
CATYSDTGELFF;FRCPRRFCF;12;9;1
CSVERLNTGELFF;FRCPRRFCF;13;9;1
CASSQDGAGGITDTQYF;FRCPRRFCF;17;9;1
CASSQDIWGSTDTQYF;FRCPRRFCF;16;9;1
CASSQDKEDLRHNEQFF;FRCPRRFCF;17;9;1
CASSQDLAGDSSYNEQFF;FRCPRRFCF;18;9;1
CASSQGLGERAEAFF;FRCPRRFCF;15;9;1
CASSSSERAQGPDTQYF;FRCPRRFCF;17;9;1
CAWAPGQGAYEQYF;FRCPRRFCF;14;9;1
CAWRLWGDDNTEAFF;FRCPRRFCF;15;9;1
CAWSDETGEGGYTQYF;FRCPRRFCF;16;9;1
CASSQDLTGTGADEQYF;FRCPRRFCF;17;9;1
CASSQLQGPTEAFF;FRCPRRFCF;14;9;1
CASSGENIEAFF;FRCPRRFCF;12;9;1
CASSQDGVGQGPYEQYF;FRCPRRFCF;17;9;1
CASSQDPETEAFF;FRCPRRFCF;13;9;1
CASSQDPGLAGTGELFF;FRCPRRFCF;17;9;1
CASSPFHDSGHYGYTF;FRCPRRFCF;16;9;1
CASSQDGSADNEKLFF;FRCPRRFCF;16;9;1
CASSQDIGDNNEQFF;FRCPRRFCF;15;9;1
CASSQDIGDNQPQHF;FRCPRRFCF;15;9;1
CASSQDIGYSGNTIYF;FRCPRRFCF;16;9;1
CASSQDLGDGNEQFF;FRCPRRFCF;15;9;1
CASSQDLGDTGELFF;FRCPRRFCF;15;9;1
CASSQDLGTPSGGTDTQYF;FRCPRRFCF;19;9;1
CASSQDLSSGNTIYF;FRCPRRFCF;15;9;1
CASSQDLVTDTQYF;FRCPRRFCF;14;9;1
CASSQDLYGENNSPLHF;FRCPRRFCF;17;9;1
CASSQDPGTDATNEKLFF;FRCPRRFCF;18;9;1
CASSQDPNTDATNEKLFF;FRCPRRFCF;18;9;1
CASSQDRGVREYEQYF;FRCPRRFCF;16;9;1
CASSQDVASGDYEQYF;FRCPRRFCF;16;9;1
CASSQDVGSGNTIYF;FRCPRRFCF;15;9;1
CASSQDVPENYGYTF;FRCPRRFCF;15;9;1
CASSQDVSDTGELFF;FRCPRRFCF;15;9;1
CASSQDWSSFGSYNEQFF;FRCPRRFCF;18;9;1
CASSQEFDDSPYEQYF;FRCPRRFCF;16;9;1
CASSQEPDDSYNEQFF;FRCPRRFCF;16;9;1
CASSQEYDSGGSPLHF;FRCPRRFCF;16;9;1
CASSQTPDILWGEQYF;FRCPRRFCF;16;9;1
CASSQVHDSSNSPLHF;FRCPRRFCF;16;9;1
CATTLGLAGDEQYF;FRCPRRFCF;14;9;1
CASSAGLAGGIQETQYF;FRCPRRFCF;17;9;1
CASSGLRENTEAFF;FRCPRRFCF;14;9;1
CASSQFVEELTEAFF;FRCPRRFCF;15;9;1
CASNPGGLGTEAFF;FRCPRRFCF;14;9;1
CASRTIDSSYNEQFF;FRCPRRFCF;15;9;1
CASSAQGAINTEAFF;FRCPRRFCF;15;9;1
CASSDFTGGEYEQYF;FRCPRRFCF;15;9;1
CASSEAASYEQYF;FRCPRRFCF;13;9;1
CASSEALGRYTDTQYF;FRCPRRFCF;16;9;1
CASSEDHFGANIQYF;FRCPRRFCF;15;9;1
CASSEESDRDGYEQYF;FRCPRRFCF;16;9;1
CASSEYGGQETQYF;FRCPRRFCF;14;9;1
CASSGGLEQYF;FRCPRRFCF;11;9;1
CASSGQGFSGANVLTF;FRCPRRFCF;16;9;1
CASSPDSFSGANVLTF;FRCPRRFCF;16;9;1
CASSPKFPSGYNEQFF;FRCPRRFCF;16;9;1
CASSPVAGGFGGEKLFF;FRCPRRFCF;17;9;1
CASSVNDGVQEDEQYF;FRCPRRFCF;16;9;1
CASSYAPEPGELFF;FRCPRRFCF;14;9;1
CASSYIDPAAEAFF;FRCPRRFCF;14;9;1
CASSYSSGVETQYF;FRCPRRFCF;14;9;1
CASSYSTPSGGEVWDEQFF;FRCPRRFCF;19;9;1
CASSYSVPGELFF;FRCPRRFCF;13;9;1
CASSYTGTGGTEAFF;FRCPRRFCF;15;9;1
CASTTGLGTDTQYF;FRCPRRFCF;14;9;1
CATGDFEAFF;FRCPRRFCF;10;9;1
CASSLGLEAFF;FRCPRRFCF;11;9;1
CASSGLAGEDTQYF;FRCPRRFCF;14;9;1
CASSPPPGSYEQYF;FRCPRRFCF;14;9;1
CASSYWLAYLQETQYF;FRCPRRFCF;16;9;1
CASSADGIGEQYF;FRCPRRFCF;13;9;1
CASSFSGGSYNEQFF;FRCPRRFCF;15;9;1
CASSHRRPLGGTEAFF;FRCPRRFCF;16;9;1
CASSLGSGLAEAFF;FRCPRRFCF;14;9;1
CASSLIGTSGGALDTQYF;FRCPRRFCF;18;9;1
CASSLPEFYEQYF;FRCPRRFCF;13;9;1
CASSLQGTQPQHF;FRCPRRFCF;13;9;1
CASSTTSGLAKNIQYF;FRCPRRFCF;16;9;1
CASSWGPTGYTPLHF;FRCPRRFCF;15;9;1
CASSGPGLAGGTDTQYF;FRCPRRFCF;17;9;1
CASSIDLGGELFF;FRCPRRFCF;13;9;1
CASSLDPETYEQYF;FRCPRRFCF;14;9;1
CASSLEFTSGETQYF;FRCPRRFCF;15;9;1
CASSLEVSSNEKLFF;FRCPRRFCF;15;9;1
CASSLGNTGELFF;FRCPRRFCF;13;9;1
CASSPPLDSGNTEAFF;FRCPRRFCF;16;9;1
CASSSIPGGPTSGNTIYF;FRCPRRFCF;18;9;1
CASSLDPESGELFF;FRCPRRFCF;14;9;1
CASIPVGLAGVSSTDTQYF;FRCPRRFCF;19;9;1
CASSFEVADSYEQYF;FRCPRRFCF;15;9;1
CASSLDGNTEAFF;FRCPRRFCF;13;9;1
CASSLDPTSGYEQYF;FRCPRRFCF;15;9;1
CASSLESGELFF;FRCPRRFCF;12;9;1
CASSLGEQGILEGEKLFF;FRCPRRFCF;18;9;1
CASSLGRITLKLVF;FRCPRRFCF;14;9;1
CASSLVPGTTSYEQYF;FRCPRRFCF;16;9;1
CASSPDLSSGNTIYF;FRCPRRFCF;15;9;1
CASSSGTSQISGANVLTF;FRCPRRFCF;18;9;1
CASSSYSGGNIFHTDTQYF;FRCPRRFCF;19;9;1
CASSYTSGGYTGELFF;FRCPRRFCF;16;9;1
CASSLVPRVGGELFF;FRCPRRFCF;15;9;1
CASSWGTANTEAFF;FRCPRRFCF;14;9;1
CASSVVDSNEQFF;FRCPRRFCF;13;9;1
CASSPGDEQFF;CRVLCCYVL;11;9;1
CASTPGDEQFF;CRVLCCYVL;11;9;1
CSAPDWNNEQFF;CRVLCCYVL;12;9;1
CASSFPDTQYF;CRVLCCYVL;11;9;1
CASTPWGAEAFF;CRVLCCYVL;12;9;1
CASSPISNEQFF;CRVLCCYVL;12;9;1
CASSPVSNEQFF;CRVLCCYVL;12;9;1
CASSPGTPRDEQFF;CRVLCCYVL;14;9;1
CASSSGQKNTEAFF;CRVLCCYVL;14;9;1
CASSEPHSDTQYF;CRVLCCYVL;13;9;1
CASSEVETDTQYF;CRVLCCYVL;13;9;1
CASSESAGTGSYEQYF;CRVLCCYVL;16;9;1
CASSESGGTGTYEQYF;CRVLCCYVL;16;9;1
CASSESSDVYGYTF;CRVLCCYVL;14;9;1
CASSESTGFDGYTF;CRVLCCYVL;14;9;1
CAARPEYPVYEQYF;CRVLCCYVL;14;9;1
CAISAGPQVETQYF;CRVLCCYVL;14;9;1
CAISEETPNTEAFF;CRVLCCYVL;14;9;1
CAISESTPNTEAFF;CRVLCCYVL;14;9;1
CAISGFGQGDTEAFF;CRVLCCYVL;15;9;1
CAISTDLPNTEAFF;CRVLCCYVL;14;9;1
CAISTGETLQETQYF;CRVLCCYVL;15;9;1
CAITTDNPNTEAFF;CRVLCCYVL;14;9;1
CASEPYPNEQFF;CRVLCCYVL;12;9;1
CASSLGGVNVEAFF;CRVLCCYVL;14;9;1
CASSSRHPDTEAFF;CRVLCCYVL;14;9;1
CASSLDLPDSPLHF;CRVLCCYVL;14;9;1
CASSLDVPDTEAFF;CRVLCCYVL;14;9;1
CASSLGIPSSYEQYF;CRVLCCYVL;15;9;1
CASSLGIPTGYEQYF;CRVLCCYVL;15;9;1
CASSWGKITEAFF;CRVLCCYVL;13;9;1
CASTPFRGGRGANVLTF;CRVLCCYVL;17;9;1
CASSAGLAASTDTQYF;CRVLCCYVL;16;9;1
CASSGWDNEQFF;CRVLCCYVL;12;9;1
CASSHWDGMATF;CRVLCCYVL;12;9;1
CASSLELGGVGVDEQYF;CRVLCCYVL;17;9;1
CASSPWDGTQYF;CRVLCCYVL;12;9;1
CASSRWENEQFF;CRVLCCYVL;12;9;1
CASSSWADTQYF;CRVLCCYVL;12;9;1
CASSSWEDTQYF;CRVLCCYVL;12;9;1
CASSSWNNEQFF;CRVLCCYVL;12;9;1
CASRCPDRGQGYEQYF;CRVLCCYVL;16;9;1
CASRDTGTAHGYTF;CRVLCCYVL;14;9;1
CASSFTAGNTDTQYF;CRVLCCYVL;15;9;1
CASSLTHLSYGYTF;CRVLCCYVL;14;9;1
CASSPGTANLYGYTF;CRVLCCYVL;15;9;1
CASSYRASGANVLTF;CRVLCCYVL;15;9;1
CASTDDRPNTEAFF;CRVLCCYVL;14;9;1
CATSPVVPGIGELFF;CRVLCCYVL;15;9;1
CASGDPEDKPSDEQFF;CRVLCCYVL;16;9;1
CASSLGTVMALKSSYEQYF;CRVLCCYVL;19;9;1
CASSQDFLNTGFLYNEQFF;CRVLCCYVL;19;9;1
CASSQDWEQGGELFF;CRVLCCYVL;15;9;1
CASSQEWSDRGWQFF;CRVLCCYVL;15;9;1
CASSQLAYSYNEQFF;CRVLCCYVL;15;9;1
CATSAENEKLFF;CRVLCCYVL;12;9;1
CATSSESYFNGYTF;CRVLCCYVL;14;9;1
CATSTENLGSPNTEAFF;CRVLCCYVL;17;9;1
CASRGTGIGTGELFF;CRVLCCYVL;15;9;1
CASSASGQAYEQYF;CRVLCCYVL;14;9;1
CASSIAGVAYEQYF;CRVLCCYVL;14;9;1
CASSIPYNEQFF;CRVLCCYVL;12;9;1
CASSTAGIGYNEQFF;CRVLCCYVL;15;9;1
CASSDFYGPYEQYF;CRVLCCYVL;14;9;1
CASSDGPGSTRPEYF;CRVLCCYVL;15;9;1
CASSDGTSGDKETQYF;CRVLCCYVL;16;9;1
CASSDGTSGPQETQYF;CRVLCCYVL;16;9;1
CASSDWSDTQYF;CRVLCCYVL;12;9;1
CASSEAGGAFSYEQYF;CRVLCCYVL;16;9;1
CASSEAGLVNPYQETQYF;CRVLCCYVL;18;9;1
CASSEGGTPPESLFF;CRVLCCYVL;15;9;1
CASSEGLAGAYEQYF;CRVLCCYVL;15;9;1
CASSEIGFSGANVLTF;CRVLCCYVL;16;9;1
CASSGVEPGSPLHF;CRVLCCYVL;14;9;1
CATSTWATEQFF;CRVLCCYVL;12;9;1
CAVGRWDNEQYF;CRVLCCYVL;12;9;1
CSADRDHSVEQYF;CRVLCCYVL;13;9;1
CSAPDWGNEQFF;CRVLCCYVL;12;9;1
CSAPDWSNTQYF;CRVLCCYVL;12;9;1
CSAPNWFNEQFF;CRVLCCYVL;12;9;1
CSAPRGPNEQFF;CRVLCCYVL;12;9;1
CSAPTWDNEQFF;CRVLCCYVL;12;9;1
CSARDDGGIFDYEQYF;CRVLCCYVL;16;9;1
CSASGLSGRLYNEQFF;CRVLCCYVL;16;9;1
CSATITYNEQFF;CRVLCCYVL;12;9;1
CSATPLDTFQETQYF;CRVLCCYVL;15;9;1
CATSDQTVQPQHF;CRVLCCYVL;13;9;1
CATSDRWTGEISTEAFF;CRVLCCYVL;17;9;1
CATSDSGQAFADTQYF;CRVLCCYVL;16;9;1
CATSDWGLNTGELFF;CRVLCCYVL;15;9;1
CASTLGDEQYF;CRVLCCYVL;11;9;1
CAIDAGAGEQYF;CRVLCCYVL;12;9;1
CASAAGRYGYTF;CRVLCCYVL;12;9;1
CASAKGKNEQFF;CRVLCCYVL;12;9;1
CASERGRGEAFF;CRVLCCYVL;12;9;1
CASRQGLDTQYF;CRVLCCYVL;12;9;1
CASRRGQEKLFF;CRVLCCYVL;12;9;1
CASSAGAYEQYF;CRVLCCYVL;12;9;1
CASSAGDEQYF;CRVLCCYVL;11;9;1
CASSAPRETQYF;CRVLCCYVL;12;9;1
CASSDRANEQFF;CRVLCCYVL;12;9;1
CASSEGLAYGYTF;CRVLCCYVL;13;9;1
CASSEGLGLGYTF;CRVLCCYVL;13;9;1
CASSEGRLEQYF;CRVLCCYVL;12;9;1
CASSEGRNEQYF;CRVLCCYVL;12;9;1
CASSELDFQETQYF;CRVLCCYVL;14;9;1
CASSEPRETQYF;CRVLCCYVL;12;9;1
CASSEVLFEQFF;CRVLCCYVL;12;9;1
CASSEVVFEQFF;CRVLCCYVL;12;9;1
CASSFGDTQYF;CRVLCCYVL;11;9;1
CASSLAVDEQYF;CRVLCCYVL;12;9;1
CASSPGDEQYF;CRVLCCYVL;11;9;1
CASSPGDTQYF;CRVLCCYVL;11;9;1
CASSPLTLTGELFF;CRVLCCYVL;14;9;1
CASSRGAKLWGYTF;CRVLCCYVL;14;9;1
CASSVATDEQFF;CRVLCCYVL;12;9;1
CASSVGKHEAFF;CRVLCCYVL;12;9;1
CASTHGDEQFF;CRVLCCYVL;11;9;1
CASTLGEGLGYTF;CRVLCCYVL;13;9;1
CASTPGDEQYF;CRVLCCYVL;11;9;1
CASTQGDEQFF;CRVLCCYVL;11;9;1
CASTSGAYEQYF;CRVLCCYVL;12;9;1
CASTSGDEQFF;CRVLCCYVL;11;9;1
CASTTGDEQFF;CRVLCCYVL;11;9;1
CASTVGTGELFF;CRVLCCYVL;12;9;1
CATSPGDEQYF;CRVLCCYVL;11;9;1
CAVTAGDEQFF;CRVLCCYVL;11;9;1
CASRETSTDTQYF;CRVLCCYVL;13;9;1
CASSFNVQGGGDTQYF;CRVLCCYVL;16;9;1
CASSLAQGRTEAFF;CRVLCCYVL;14;9;1
CASSLSEISYEQYF;CRVLCCYVL;14;9;1
CASSLSEVGLHEQYF;CRVLCCYVL;15;9;1
CASSLSEVGYEQYF;CRVLCCYVL;14;9;1
CASSQGNRETQYF;CRVLCCYVL;13;9;1
CASSSLGLGPPSTDTQYF;CRVLCCYVL;18;9;1
CASSWLAPSYNEQFF;CRVLCCYVL;15;9;1
CASSPISNEQYF;CRVLCCYVL;12;9;1
CASRGLKGPGQPQHF;CRVLCCYVL;15;9;1
CASRPTGGFDNSPLHF;CRVLCCYVL;16;9;1
CASRPTLYSNQPQHF;CRVLCCYVL;15;9;1
CASRQTLSSGNTIYF;CRVLCCYVL;15;9;1
CASRRQVFNSPLHF;CRVLCCYVL;14;9;1
CASSFEGTSPSYEQYF;CRVLCCYVL;16;9;1
CASSFGTGRQFF;CRVLCCYVL;12;9;1
CASSFLQGDIIMGYNEQFF;CRVLCCYVL;19;9;1
CASSFPADRGSWGNEQFF;CRVLCCYVL;18;9;1
CASSFPGGRATESSYNEQFF;CRVLCCYVL;20;9;1
CASSFYLAEQFF;CRVLCCYVL;12;9;1
CASSGLGLAFSYEQYF;CRVLCCYVL;16;9;1
CASSGLSLTLVEQYF;CRVLCCYVL;15;9;1
CASSGTQGEHTEAFF;CRVLCCYVL;15;9;1
CASSLFDGSEQYF;CRVLCCYVL;13;9;1
CASSLFEGFGNTIYF;CRVLCCYVL;15;9;1
CASSLFTLAGEQYF;CRVLCCYVL;14;9;1
CASSLGQKNTEAFF;CRVLCCYVL;14;9;1
CASSLGRETQYF;CRVLCCYVL;12;9;1
CASSLISLTNEQFF;CRVLCCYVL;14;9;1
CASSLLDSLKNIQYF;CRVLCCYVL;15;9;1
CASSLNAGNTEAFF;CRVLCCYVL;14;9;1
CASSLWDSYTF;CRVLCCYVL;11;9;1
CASSPLSHTSSYNEQFF;CRVLCCYVL;17;9;1
CASSPLTQTPSYNEQFF;CRVLCCYVL;17;9;1
CASSPPGGGEKLFF;CRVLCCYVL;14;9;1
CASSPVSQGVRYNEQFF;CRVLCCYVL;17;9;1
CASSSAHPNTEAFF;CRVLCCYVL;14;9;1
CASSSASPSWDEQFF;CRVLCCYVL;15;9;1
CASSSGQRNSPLHF;CRVLCCYVL;14;9;1
CASSSPPVGGGNEQFF;CRVLCCYVL;16;9;1
CASSSSASGRALYEQYF;CRVLCCYVL;17;9;1
CASSSSRVGRETQYF;CRVLCCYVL;15;9;1
CASSTPDRHTSGNTIYF;CRVLCCYVL;17;9;1
CASSTPGTLSVRYGYTF;CRVLCCYVL;17;9;1
CASTPTQLDYEQYF;CRVLCCYVL;14;9;1
CASTQTSENNEQFF;CRVLCCYVL;14;9;1
CSVAQGPDTEAFF;CRVLCCYVL;13;9;1
CSVDYGYNEQFF;CRVLCCYVL;12;9;1
CSVEFGRGPGPDTQYF;CRVLCCYVL;16;9;1
CSVEGQGEPHSYNEQFF;CRVLCCYVL;17;9;1
CASSHEDRGHFWETQYF;CRVLCCYVL;17;9;1
CASSPALTGLSYEQYF;CRVLCCYVL;16;9;1
CASSPDRRGSGANVLTF;CRVLCCYVL;17;9;1
CASSPSRTGLSYEQYF;CRVLCCYVL;16;9;1
CASSPYGVAGDGETQYF;CRVLCCYVL;17;9;1
CASSQDRRGTGANVLTF;CRVLCCYVL;17;9;1
CASSQAMDRLNTEAFF;CRVLCCYVL;16;9;1
CASSQAWVAGETQYF;CRVLCCYVL;15;9;1
CASSQDIATGVGYNEQFF;CRVLCCYVL;18;9;1
CASSQEGAGFADTQYF;CRVLCCYVL;16;9;1
CASSQERPGDTQYF;CRVLCCYVL;14;9;1
CASSQESYLTYEQYF;CRVLCCYVL;15;9;1
CASSQGEIGVRNEQFF;CRVLCCYVL;16;9;1
CASSQIDSNQPQHF;CRVLCCYVL;14;9;1
CASSQVNSNQPQHF;CRVLCCYVL;14;9;1
CASAPGPGGTEAFF;CRVLCCYVL;14;9;1
CASSAWDNEQFF;CRVLCCYVL;12;9;1
CASSHIQGAGELFF;CRVLCCYVL;14;9;1
CASSLFWGLTEAFF;CRVLCCYVL;14;9;1
CASSQAPAGGPGLGTDTQYF;CRVLCCYVL;20;9;1
CASSQDEIAYNEKLFF;CRVLCCYVL;16;9;1
CASSQDFFETAAQFF;CRVLCCYVL;15;9;1
CASSQDFSGEKLFF;CRVLCCYVL;14;9;1
CASSQDISGGLLSDTQYF;CRVLCCYVL;18;9;1
CASSQDLAGGLLSDTQYF;CRVLCCYVL;18;9;1
CASSQDLAGGLLSYEQYF;CRVLCCYVL;18;9;1
CASSQDLGAGQLLSYEQYF;CRVLCCYVL;19;9;1
CASSQDLSGQLLADEQYF;CRVLCCYVL;18;9;1
CASSQDPVNTEAFF;CRVLCCYVL;14;9;1
CASSQDTGGQGSLLDNEQFF;CRVLCCYVL;20;9;1
CASSQEGQKNEKLFF;CRVLCCYVL;15;9;1
CASSQELAETYEQYF;CRVLCCYVL;15;9;1
CASSQEWAETYEQYF;CRVLCCYVL;15;9;1
CASSQVDLRYEQFF;CRVLCCYVL;14;9;1
CASSQVDLSYEQYF;CRVLCCYVL;14;9;1
CASSQVDSRLVQVGNEQFF;CRVLCCYVL;19;9;1
CASSQVFPPPSQYF;CRVLCCYVL;14;9;1
CASSQYWGSGEQYF;CRVLCCYVL;14;9;1
CASSLEAWDEQFF;CRVLCCYVL;13;9;1
CASSLGDYSIVETQYF;CRVLCCYVL;16;9;1
CASSLTVPGAGELFF;CRVLCCYVL;15;9;1
CASSPEGGRTGELFF;CRVLCCYVL;15;9;1
CASSPGESYEQYF;CRVLCCYVL;13;9;1
CASQDFYNEQFF;CRVLCCYVL;12;9;1
CASSFQGEADTQYF;CRVLCCYVL;14;9;1
CASSLDAAYGNTEAFF;CRVLCCYVL;16;9;1
CASSLDLSTNEKLFF;CRVLCCYVL;15;9;1
CASSLFTGRPYEQYF;CRVLCCYVL;15;9;1
CASSLGIGAPAGELFF;CRVLCCYVL;16;9;1
CASSRNLETGELFF;CRVLCCYVL;14;9;1
CAGDSWNNEQFF;CRVLCCYVL;12;9;1
CAGSLFLSYEQYF;CRVLCCYVL;13;9;1
CASAAQGAPNEKLFF;CRVLCCYVL;15;9;1
CASMTGQKNSPLHF;CRVLCCYVL;14;9;1
CASNPTGGLETQYF;CRVLCCYVL;14;9;1
CASQLTGAPNTEAFF;CRVLCCYVL;15;9;1
CASQPGQKNTEAFF;CRVLCCYVL;14;9;1
CASRDGTPNTEAFF;CRVLCCYVL;14;9;1
CASRWTSGGNEQFF;CRVLCCYVL;14;9;1
CASSAGTPGDTQYF;CRVLCCYVL;14;9;1
CASSAQGAPNSPLHF;CRVLCCYVL;15;9;1
CASSAVTWEPQHF;CRVLCCYVL;13;9;1
CASSEFLTYEQYF;CRVLCCYVL;13;9;1
CASSFVGGEQFF;CRVLCCYVL;12;9;1
CASSGDNYNSPLHF;CRVLCCYVL;14;9;1
CASSGGQKNEKLFF;CRVLCCYVL;14;9;1
CASSIGQGLYGYTF;CRVLCCYVL;14;9;1
CASSLQGPTEAFF;CRVLCCYVL;13;9;1
CASSLQPAPDSPLHF;CRVLCCYVL;15;9;1
CASSLVGRTEAFF;CRVLCCYVL;13;9;1
CASSMGQKNQPQHF;CRVLCCYVL;14;9;1
CASSPDVGNTIYF;CRVLCCYVL;13;9;1
CASSPIAVSPTDTQYF;CRVLCCYVL;16;9;1
CASSPVGGGYTF;CRVLCCYVL;12;9;1
CASSQGTPRDEQYF;CRVLCCYVL;14;9;1
CASSQNSGNTDTQYF;CRVLCCYVL;15;9;1
CASSSGIPKYNEQFF;CRVLCCYVL;15;9;1
CASSSGLTNTEAFF;CRVLCCYVL;14;9;1
CASSSGQHNSPLHF;CRVLCCYVL;14;9;1
CASSSGQKNEKLFF;CRVLCCYVL;14;9;1
CASSSPQGGLLDSPLHF;CRVLCCYVL;17;9;1
CASSTGQKNEKLFF;CRVLCCYVL;14;9;1
CASSTGQKNTEAFF;CRVLCCYVL;14;9;1
CASSTPIGGLLDNEQFF;CRVLCCYVL;17;9;1
CASSWGQHNSPLHF;CRVLCCYVL;14;9;1
CASSYAPNNEQFF;CRVLCCYVL;13;9;1
CASSYGLAGEEEYF;CRVLCCYVL;14;9;1
CASSYGQGYEQYV;CRVLCCYVL;13;9;1
CASSYGTGGADHYGYTF;CRVLCCYVL;17;9;1
CASSYGTPGDEQYF;CRVLCCYVL;14;9;1
CASSYGWDEQFF;CRVLCCYVL;12;9;1
CASSYNLGPNNEQFF;CRVLCCYVL;15;9;1
CASSYNSANNEKLFF;CRVLCCYVL;15;9;1
CASSYSALAGDADTQYF;CRVLCCYVL;17;9;1
CASSYSGLGTGEDGYTF;CRVLCCYVL;17;9;1
CASSYSGSRNEKLFF;CRVLCCYVL;15;9;1
CASSYSLTGNTEAFF;CRVLCCYVL;15;9;1
CASSYSPLDGNTEAFF;CRVLCCYVL;16;9;1
CASSYVGGDYTF;CRVLCCYVL;12;9;1
CASSYVGGGYTF;CRVLCCYVL;12;9;1
CASSYWGTTGELFF;CRVLCCYVL;14;9;1
CASSYYDLAGTYNEQFF;CRVLCCYVL;17;9;1
CASTPGQKNTEAFF;CRVLCCYVL;14;9;1
CASTTGQKNTEAFF;CRVLCCYVL;14;9;1
CATGQGIFNSPLHF;CRVLCCYVL;14;9;1
CATTSGQKNTEAFF;CRVLCCYVL;14;9;1
CASSYPPPEQYF;CRVLCCYVL;12;9;1
CASDSGAPYNEQFF;CRVLCCYVL;14;9;1
CASGLAGPNEQFF;CRVLCCYVL;13;9;1
CASGMFSGSYNEQFF;CRVLCCYVL;15;9;1
CASNGQAWTYEQYF;CRVLCCYVL;14;9;1
CASRWGLAGELFF;CRVLCCYVL;13;9;1
CASRWGLGGELFF;CRVLCCYVL;13;9;1
CASSAATPNTEAFF;CRVLCCYVL;14;9;1
CASSFGGWSGEQYF;CRVLCCYVL;14;9;1
CASSLETPNNEQFF;CRVLCCYVL;14;9;1
CASSPPDRDRSGANVLTF;CRVLCCYVL;18;9;1
CASSQATPNTEAFF;CRVLCCYVL;14;9;1
CASSSAQPNTEAFF;CRVLCCYVL;14;9;1
CASSSPEPNTEAFF;CRVLCCYVL;14;9;1
CASSSRAGGGEQYF;CRVLCCYVL;14;9;1
CASSTATPNTEAFF;CRVLCCYVL;14;9;1
CASSYEFPNTEAFF;CRVLCCYVL;14;9;1
CASSYEWPDSEQYF;CRVLCCYVL;14;9;1
CASSYGAGNQPQHF;CRVLCCYVL;14;9;1
CASSYGAQWNEQFF;CRVLCCYVL;14;9;1
CASSYGDGKAFF;CRVLCCYVL;12;9;1
CASSYGTSWDEQYF;CRVLCCYVL;14;9;1
CASSYLAGGGEQFF;CRVLCCYVL;14;9;1
CASSYLGWDMNTEAFF;CRVLCCYVL;16;9;1
CASSYPDEAFF;CRVLCCYVL;11;9;1
CASSYPDTQYF;CRVLCCYVL;11;9;1
CASSYPGELFF;CRVLCCYVL;11;9;1
CASSYPPPEAFF;CRVLCCYVL;12;9;1
CASSYPRNGYTF;CRVLCCYVL;12;9;1
CASSYRTGGGEQFF;CRVLCCYVL;14;9;1
CASSYSGQGPSYTF;CRVLCCYVL;14;9;1
CASSYSTPNGELFF;CRVLCCYVL;14;9;1
CASSYSVGTQITYTQYF;CRVLCCYVL;17;9;1
CASSYTTSSYNEQFF;CRVLCCYVL;15;9;1
CASSYVAGGYEQYF;CRVLCCYVL;14;9;1
CASSFLGREAFF;CRVLCCYVL;12;9;1
CASSFTDTQYF;CRVLCCYVL;11;9;1
CASSFTSGGYNEQFF;CRVLCCYVL;15;9;1
CASSLAGTDNQPQHF;CRVLCCYVL;15;9;1
CASSLAPAGGYSTDTQYF;CRVLCCYVL;18;9;1
CASSLAVEGITEAFF;CRVLCCYVL;15;9;1
CASSLDRGGTEAFF;CRVLCCYVL;14;9;1
CASSLDRPGDEQYF;CRVLCCYVL;14;9;1
CASSLDRQVDEKLFF;CRVLCCYVL;15;9;1
CASSLFDLTGNYEQYF;CRVLCCYVL;16;9;1
CASSLGPVQTNTEAFF;CRVLCCYVL;16;9;1
CASSLGVGFGANTEAFF;CRVLCCYVL;17;9;1
CASSLIAGGAYEQYF;CRVLCCYVL;15;9;1
CASSLRGASGRPEGETQYF;CRVLCCYVL;19;9;1
CASSLTLQETQYF;CRVLCCYVL;13;9;1
CASSLVGGAAGYTF;CRVLCCYVL;14;9;1
CASSLVGTEAFF;CRVLCCYVL;12;9;1
CASSPGTASNQPQHF;CRVLCCYVL;15;9;1
CASSPRTGGTGELFF;CRVLCCYVL;15;9;1
CASSPTQGRGSEQFF;CRVLCCYVL;15;9;1
CASSSQGNQPQHF;CRVLCCYVL;13;9;1
CASSSQTARVGGYTF;CRVLCCYVL;15;9;1
CASSWRGGDEQYF;CRVLCCYVL;13;9;1
CASSLNSGTDTQYF;CRVLCCYVL;14;9;1
CASSFRTGVGYTF;CRVLCCYVL;13;9;1
CASSAESPGTYTYNEQFF;CRVLCCYVL;18;9;1
CASSDPTADYNEQFF;CRVLCCYVL;15;9;1
CASSLADTPNEKLFF;CRVLCCYVL;15;9;1
CASSLAGPISGDTQYF;CRVLCCYVL;16;9;1
CASSLGSSGRGEQYF;CRVLCCYVL;15;9;1
CASSLVAGDSQPQHF;CRVLCCYVL;15;9;1
CASSPGQGVTKNIQYF;CRVLCCYVL;16;9;1
CASSTLGDRGPDGELFF;CRVLCCYVL;17;9;1
CASSVDTYTEAFF;CRVLCCYVL;13;9;1
CASTSSANTEAFF;CRVLCCYVL;13;9;1
CASSLGGQSSYEQYF;CRVLCCYVL;15;9;1
CASSPTPSSTDTQYF;CRVLCCYVL;15;9;1
CASDAGDRETQYF;CRVLCCYVL;13;9;1
CASRPEWPDYGYTF;CRVLCCYVL;14;9;1
CASSAGGSYEQYF;CRVLCCYVL;13;9;1
CASSAPGLAVGEQFF;CRVLCCYVL;15;9;1
CASSFDRPGDEQYF;CRVLCCYVL;14;9;1
CASSFQGAVGTDTQYF;CRVLCCYVL;16;9;1
CASSFSPHLDGTGYGYTF;CRVLCCYVL;18;9;1
CASSLADRVQEYF;CRVLCCYVL;13;9;1
CASSLAEGGSSYNSPLHF;CRVLCCYVL;18;9;1
CASSLAPSGRPEAFF;CRVLCCYVL;15;9;1
CASSLAPTGLPEAFF;CRVLCCYVL;15;9;1
CASSLELAVTDTQYF;CRVLCCYVL;15;9;1
CASSLFGTGRGYSNQPQHF;CRVLCCYVL;19;9;1
CASSLGEPNTEAFF;CRVLCCYVL;14;9;1
CASSLGVPQGTQYF;CRVLCCYVL;14;9;1
CASSLLPGQEKLFF;CRVLCCYVL;14;9;1
CASSLLTPDYTEAFF;CRVLCCYVL;15;9;1
CASSLVPGQKYNSPLHF;CRVLCCYVL;17;9;1
CASSPDWVQETQYF;CRVLCCYVL;14;9;1
CASSPGTPNTEAFF;CRVLCCYVL;14;9;1
CASSPGWNTEAFF;CRVLCCYVL;13;9;1
CASSQGHPETNEKLFF;CRVLCCYVL;16;9;1
CASSSEPGGFPEAFF;CRVLCCYVL;15;9;1
CASSSGQPNTEAFF;CRVLCCYVL;14;9;1
CASSSIIGPGDEQFF;CRVLCCYVL;15;9;1
CASSTGHPNTEAFF;CRVLCCYVL;14;9;1
CASSWDTPGDEQYF;CRVLCCYVL;14;9;1
CASSFGEGRKTQYF;CRVLCCYVL;14;9;1
CASSFGTGTSELTDTQYF;CRVLCCYVL;18;9;1
CASSFTANQETQYF;CRVLCCYVL;14;9;1
CASSLAGLAGAETQYF;CRVLCCYVL;16;9;1
CASSLEGRKGYNEQFF;CRVLCCYVL;16;9;1
CASSLGLEQTYEQYF;CRVLCCYVL;15;9;1
CASSLGPYTDTQYF;CRVLCCYVL;14;9;1
CASSLGTERFEKLFF;CRVLCCYVL;15;9;1
CASSLIGLANYNEQFF;CRVLCCYVL;16;9;1
CASSLLAGASGTDTQYF;CRVLCCYVL;17;9;1
CASSLLGTYSYNEQFF;CRVLCCYVL;16;9;1
CASSLMGGPPSYNEQFF;CRVLCCYVL;17;9;1
CASSLMGLAEYNEQFF;CRVLCCYVL;16;9;1
CASSLMGLAGEETQYF;CRVLCCYVL;16;9;1
CASSLMTDQPQHF;CRVLCCYVL;13;9;1
CASSLRTDVYNEQFF;CRVLCCYVL;15;9;1
CASSLRTETYNEQFF;CRVLCCYVL;15;9;1
CASSLRTEVYNEQFF;CRVLCCYVL;15;9;1
CASSLSGLAGEETQYF;CRVLCCYVL;16;9;1
CASSLSGLAGQETQYF;CRVLCCYVL;16;9;1
CASSLSGLDNEQFF;CRVLCCYVL;14;9;1
CASSLSGLENEQFF;CRVLCCYVL;14;9;1
CASSLSGLYNEQFF;CRVLCCYVL;14;9;1
CASSLSGMKETQYF;CRVLCCYVL;14;9;1
CASSLSQAGWETQYF;CRVLCCYVL;15;9;1
CASSLTGLADYNEQFF;CRVLCCYVL;16;9;1
CASSLTGLQYQETQYF;CRVLCCYVL;16;9;1
CASSLTGLRGQETQYF;CRVLCCYVL;16;9;1
CASSLTGTEETQYF;CRVLCCYVL;14;9;1
CASSLTGTYSYNEQFF;CRVLCCYVL;16;9;1
CASSLTQDQETQYF;CRVLCCYVL;14;9;1
CASSLVGLAGQETQYF;CRVLCCYVL;16;9;1
CASSLYGFYEQYF;CRVLCCYVL;13;9;1
CASSPPVQETQYF;CRVLCCYVL;13;9;1
CASSQHGLEGYNEQFF;CRVLCCYVL;16;9;1
CASSRDPTDNEQFF;CRVLCCYVL;14;9;1
CASSRQVYEQDTQYF;CRVLCCYVL;15;9;1
CASSSDIFNYGYTF;CRVLCCYVL;14;9;1
CASSSIDGDNYGYTF;CRVLCCYVL;15;9;1
CASSVLGNQPQHF;CRVLCCYVL;13;9;1
CASTLIGLAGQDTQYF;CRVLCCYVL;16;9;1
CASSPDRSGQFF;SLFWNEPAI;12;9;1
CASSLGPGSYGYTF;SLFWNEPAI;14;9;1
CASSRGGMSGELFF;SLFWNEPAI;14;9;1
CASSFQGNTGELFF;SLFWNEPAI;14;9;1
CASSPFQGAIEQYF;SLFWNEPAI;14;9;1
CASSSTGGGGELFF;LLWNTVWNM;14;9;1
